題目,作答,立意,結構,修辭,敘述,啟發,總分
"甲
　　夜飲東坡醒復醉，歸來彷彿三更。家童鼻息已雷鳴，敲門都不應，倚杖聽江聲。　　長恨此身非我有，何時忘卻營營？夜闌風靜縠紋平，小舟從此逝，江海寄餘生。（蘇軾〈臨江仙〉）
乙
　　山居中的恬靜最使人心生歡喜，覺得充滿了幸福。但這種感覺完全是屬於我個人私己的，難以和他人分享。當深夜沉寂，偶爾會有一部卡車從山腰轟隆急馳而過，聲音在峽谷間響應激盪，久久停留，我往往就會從安寧的心緒中驚覺過來。車上至少有一個聚精會神在奔波的人，重山曲流外就是苦樂混合著沸騰的紅塵，那裡面也有著我的妻女和親友，而我卻一個人上山來獨自享受清靜。那麼，我的幸福是不是純由逃避式的懶散得來的呢？山居只是自己刻意經營的一種看似空靈其實奢侈的生活？心安理得會不會是虛幻而脆弱的？
　　至少，我不希望如此，因為人間是我的根本用情處。（陳列《地上歲月‧山中書》）
請回答下列問題：
甲文中，蘇軾面對夜闌風靜，意欲「小舟從此逝」，遠離塵世；乙文中，陳列則從山居中的恬靜，興發「人間是我的根本用情處」的情思，二者顯然不同。請以「靜夜情懷」為題，連結甲文或乙文的體悟，寫一篇文章抒發你對靜夜的體驗及感受。
文長至少600字。


","靜夜情懷



每個人都有屬於自己的靜夜時光。在這個喧囂的世界裡，夜晚的寧靜總能讓人沉澱思緒，尋找內心最真實的聲音。讀著蘇東坡的《臨江仙》，我不禁想起自己與靜夜的種種邂逅。



記得那是個月朗星稀的夜晚，伏案苦讀的我被窗外灑落的月光喚醒。月光如紗，輕柔地籠罩著房間的每個角落，彷彿在召喚我走出這方天地。一個念頭突然湧現：何不讓自己來場說走就走的夜遊？於是我收拾簡單行囊，踏上尋找心靈寧靜的旅程。



夜晚的公車站格外寂靜，我搭上了最後一班公車。司機熱心指點我附近的青年旅舍，我順著幽暗的小徑，循著遠方搖曳的燈籠前行。推開日式宿舍的門，撲鼻而來的檀香讓緊繃的神經頓時放鬆。我走到窗邊，靜靜凝望著庭院，夜色中的花草正悄然綻放，彷彿在演奏一曲無聲的生命交響曲。



這一夜的寧靜讓我想起蘇東坡在黃州江畔的心境。然而，不同於東坡想要「小舟從此逝」的出世之思，我在靜夜中反而找到了與塵世和解的力量。就像陳列所說，「人間是我的根本用情處」，寧靜不是逃避，而是為了讓心靈在片刻的沉澱中獲得重生的力量。



在這個充滿未知的夜遊中，我不曾感到恐懼，反而體會到生命中最純粹的美好。靜夜，成為了我在繁忙生活中的一方淨土，讓我能夠暫時卸下所有重擔，在寂靜中尋找前行的勇氣。當晨光微露時，我帶著充盈的心靈踏上歸途，知道這份靜夜的體悟將永遠留存於心。



靜夜的情懷，不只是一種逃離，更是一種回歸。在這樣的時刻，我們得以審視自己的內心，找到安頓身心的方式，進而以更從容的姿態面對紛擾的人世。這，或許就是靜夜最珍貴的禮物。",4,4,4,4,4,20
